TargetImage,ChangeInConfidence,PercentChangeInConfidence,Success
testing/yaleB01/image0.jpg,-0.63893515,-0.8595496,1
testing/yaleB02/image0.jpg,-0.6831896,-0.8054608,0
testing/yaleB03/image0.jpg,-0.6756711,-0.78938,0
testing/yaleB04/image0.jpg,-0.5010424,-0.9667249,1
testing/yaleB05/image0.jpg,-0.48704502,-0.50181866,0
testing/yaleB06/image0.jpg,-0.49950606,-0.9466862,1
testing/yaleB07/image0.jpg,-0.7328146,-0.8823082,1
testing/yaleB08/image0.jpg,-0.2017115,-0.35072613,0
testing/yaleB09/image0.jpg,-0.471062,-0.567538,0
testing/yaleB10/image0.jpg,-0.3362,-0.80762756,1
testing/yaleB11/image0.jpg,-0.3684502,-0.5949573,0
testing/yaleB12/image0.jpg,-0.5120833,-0.6079322,0
testing/yaleB13/image0.jpg,-0.6122408,-0.84003663,1
testing/yaleB15/image0.jpg,-0.16853335,-0.3651097,0
testing/yaleB16/image0.jpg,-0.40340728,-0.65247244,0
testing/yaleB17/image0.jpg,-0.56801414,-0.9729179,1
testing/yaleB18/image0.jpg,-0.26212364,-0.488739,0
testing/yaleB19/image0.jpg,-0.3331557,-0.6274941,0
testing/yaleB20/image0.jpg,-0.7751744,-0.97407633,1
testing/yaleB21/image0.jpg,-0.74603343,-0.98549056,1
testing/yaleB22/image0.jpg,0.0,0.0,0
testing/yaleB23/image0.jpg,-0.35364735,-0.9300918,1
testing/yaleB24/image0.jpg,-0.5159396,-0.7167717,1
testing/yaleB25/image0.jpg,-0.31443888,-0.68773097,1
testing/yaleB26/image0.jpg,-0.37049174,-0.9472017,1
testing/yaleB27/image0.jpg,-0.44898266,-0.47096315,0
testing/yaleB28/image0.jpg,0.0,0.0,0
testing/yaleB29/image0.jpg,-0.7287824,-0.9233403,1
testing/yaleB30/image0.jpg,-0.579146,-0.59967405,0
testing/yaleB31/image0.jpg,-0.44256353,-0.6453357,0
testing/yaleB32/image0.jpg,-0.00243181,-0.005452509,0
testing/yaleB33/image0.jpg,-0.25543195,-0.65957385,1
testing/yaleB34/image0.jpg,-0.37444943,-0.40169737,0
testing/yaleB35/image0.jpg,-0.29737642,-0.47602728,0
testing/yaleB36/image0.jpg,-0.2728386,-0.54422575,0
testing/yaleB37/image0.jpg,-0.8090399,-0.9233136,1
testing/yaleB38/image0.jpg,-0.5153518,-0.6189828,0
testing/yaleB39/image0.jpg,-0.4102714,-0.65411925,0
